{"version": "1", "message": "ERROR: Hidden Testcases server unreachable.", "problem_id": "ads2_m16_a1_1", "user_id": "mohithpothineni", "score": {"sample": {"0": {"execution_time": 0.5875911712646484, "passed": false}, "1": {"execution_time": 0.27688026428222656, "passed": false}, "2": {"execution_time": 0.4791419506072998, "passed": false}, "3": {"execution_time": 0.470278263092041, "passed": false}, "4": {"execution_time": 0.510228157043457, "passed": false}, "5": {"execution_time": 0.5098798274993896, "passed": false}, "6": {"execution_time": 0.48076653480529785, "passed": false}, "7": {"execution_time": 0.5126416683197021, "passed": false}, "8": {"execution_time": 0.395754337310791, "passed": false}, "9": {"execution_time": 0.4521749019622803, "passed": false}, "10": {"execution_time": 0.4176778793334961, "passed": false}, "11": {"execution_time": 0.2987978458404541, "passed": false}, "12": {"execution_time": 0.4175703525543213, "passed": false}, "13": {"execution_time": 0.3420073986053467, "passed": true}, "14": {"execution_time": 0.48883819580078125, "passed": false}, "15": {"execution_time": 0.48093152046203613, "passed": false}, "16": {"execution_time": 0.32469749450683594, "passed": false}, "17": {"execution_time": 0.38086771965026855, "passed": false}, "18": {"execution_time": 0.34113526344299316, "passed": false}, "19": {"execution_time": 0.36644530296325684, "passed": false}, "20": {"execution_time": 0.35183262825012207, "passed": false}, "21": {"execution_time": 0.3263216018676758, "passed": false}, "22": {"execution_time": 0.3284289836883545, "passed": false}, "23": {"execution_time": 0.31290411949157715, "passed": false}, "24": {"execution_time": 0.3242521286010742, "passed": true}, "25": {"execution_time": 0.505326509475708, "passed": false}, "26": {"execution_time": 0.4540870189666748, "passed": false}, "27": {"execution_time": 0.4401261806488037, "passed": false}, "28": {"execution_time": 0.5350439548492432, "passed": false}, "29": {"execution_time": 0.4659600257873535, "passed": false}}}, "check_style_score": "0/1"}