{"version": "1", "message": "ERROR: Hidden Testcases server unreachable.", "problem_id": "ads2_m16_a1_1", "user_id": "mohithpothineni", "score": {"sample": {"0": {"execution_time": 0.3900644779205322, "passed": true}, "1": {"execution_time": 0.36318302154541016, "passed": true}, "2": {"execution_time": 0.6520266532897949, "passed": true}, "3": {"execution_time": 0.6118967533111572, "passed": true}, "4": {"execution_time": 0.6368558406829834, "passed": true}, "5": {"execution_time": 0.6381697654724121, "passed": true}, "6": {"execution_time": 0.6295905113220215, "passed": true}, "7": {"execution_time": 0.5678017139434814, "passed": true}, "8": {"execution_time": 0.39666128158569336, "passed": true}, "9": {"execution_time": 0.6417474746704102, "passed": true}, "10": {"execution_time": 0.574843168258667, "passed": true}, "11": {"execution_time": 3.146346092224121, "passed": true}, "12": {"execution_time": 0.6612076759338379, "passed": true}, "13": {"execution_time": 0.3189961910247803, "passed": true}, "14": {"execution_time": 0.5903975963592529, "passed": true}, "15": {"execution_time": 0.6347706317901611, "passed": true}, "16": {"execution_time": 0.34665346145629883, "passed": true}, "17": {"execution_time": 0.5175867080688477, "passed": true}, "18": {"execution_time": 0.4105417728424072, "passed": true}, "19": {"execution_time": 0.5684268474578857, "passed": true}, "20": {"execution_time": 0.42349886894226074, "passed": true}, "21": {"execution_time": 0.32921338081359863, "passed": true}, "22": {"execution_time": 0.43210697174072266, "passed": true}, "23": {"execution_time": 0.3797163963317871, "passed": true}, "24": {"execution_time": 0.33642005920410156, "passed": true}, "25": {"execution_time": 0.7942605018615723, "passed": true}, "26": {"execution_time": 0.7004952430725098, "passed": true}, "27": {"execution_time": 0.7319273948669434, "passed": true}, "28": {"execution_time": 1.1330845355987549, "passed": true}, "29": {"execution_time": 0.2895798683166504, "passed": true}}}, "check_style_score": "1/1"}