{"version": "1", "message": "ERROR: Hidden Testcases server unreachable.", "problem_id": "ads2_m16_a1_1", "user_id": "mohithpothineni", "score": {"sample": {"0": {"execution_time": 0.29961419105529785, "passed": false}, "1": {"execution_time": 0.29714393615722656, "passed": false}, "2": {"execution_time": 0.3985145092010498, "passed": false}, "3": {"execution_time": 0.38852691650390625, "passed": false}, "4": {"execution_time": 0.3944580554962158, "passed": false}, "5": {"execution_time": 0.3764364719390869, "passed": false}, "6": {"execution_time": 0.4622151851654053, "passed": false}, "7": {"execution_time": 0.4531819820404053, "passed": false}, "8": {"execution_time": 0.4260413646697998, "passed": false}, "9": {"execution_time": 0.5779099464416504, "passed": false}, "10": {"execution_time": 0.3928508758544922, "passed": false}, "11": {"execution_time": 0.2703077793121338, "passed": false}, "12": {"execution_time": 0.4328038692474365, "passed": false}, "13": {"execution_time": 0.29202961921691895, "passed": true}, "14": {"execution_time": 0.43943357467651367, "passed": false}, "15": {"execution_time": 0.4214351177215576, "passed": false}, "16": {"execution_time": 0.3446967601776123, "passed": false}, "17": {"execution_time": 0.35489988327026367, "passed": false}, "18": {"execution_time": 0.33234548568725586, "passed": false}, "19": {"execution_time": 0.28842973709106445, "passed": false}, "20": {"execution_time": 0.32393550872802734, "passed": false}, "21": {"execution_time": 0.3370673656463623, "passed": false}, "22": {"execution_time": 0.29308509826660156, "passed": false}, "23": {"execution_time": 0.3455944061279297, "passed": false}, "24": {"execution_time": 0.29712867736816406, "passed": true}, "25": {"execution_time": 0.455380916595459, "passed": false}, "26": {"execution_time": 0.46985387802124023, "passed": false}, "27": {"execution_time": 0.48378658294677734, "passed": false}, "28": {"execution_time": 0.5356676578521729, "passed": false}, "29": {"execution_time": 0.32134127616882324, "passed": false}}}, "check_style_score": "0/1"}