{"version": "1", "message": "ERROR: Hidden Testcases server unreachable.", "problem_id": "ads2_m2_a1_1", "user_id": "mohithpothineni", "score": {"sample": {"0": {"execution_time": 0.2208695411682129, "passed": true}, "1": {"execution_time": 0.1841750144958496, "passed": true}, "2": {"execution_time": 0.22011923789978027, "passed": true}, "3": {"execution_time": 0.21239781379699707, "passed": true}, "4": {"execution_time": 0.16911745071411133, "passed": true}, "5": {"execution_time": 0.24181246757507324, "passed": true}, "6": {"execution_time": 0.20828843116760254, "passed": true}, "7": {"execution_time": 0.17956972122192383, "passed": true}, "8": {"execution_time": 0.1970386505126953, "passed": true}, "9": {"execution_time": 0.22387981414794922, "passed": true}, "10": {"execution_time": 0.19654417037963867, "passed": true}, "11": {"execution_time": 0.20723462104797363, "passed": true}, "12": {"execution_time": 0.1686108112335205, "passed": true}, "13": {"execution_time": 0.18996763229370117, "passed": true}, "14": {"execution_time": 0.19530510902404785, "passed": true}, "15": {"execution_time": 0.22567105293273926, "passed": true}, "16": {"execution_time": 0.20109343528747559, "passed": true}, "17": {"execution_time": 0.18869280815124512, "passed": true}, "18": {"execution_time": 0.24400091171264648, "passed": true}, "19": {"execution_time": 0.20541644096374512, "passed": true}, "20": {"execution_time": 0.2241222858428955, "passed": true}, "21": {"execution_time": 0.16113924980163574, "passed": true}, "22": {"execution_time": 0.22122573852539062, "passed": true}, "23": {"execution_time": 0.2847633361816406, "passed": true}}}, "check_style_score": "0/1"}