{"version": "1", "message": "ERROR: Hidden Testcases server unreachable.", "problem_id": "ads2_m6_a1_1", "user_id": "mohithpothineni", "score": {"sample": {"0": {"execution_time": 0.2116405963897705, "passed": false}, "1": {"execution_time": 0.22981595993041992, "passed": false}, "2": {"execution_time": 0.23902368545532227, "passed": false}, "3": {"execution_time": 0.2565164566040039, "passed": false}, "4": {"execution_time": 0.28344058990478516, "passed": false}, "5": {"execution_time": 0.2231903076171875, "passed": true}, "6": {"execution_time": 0.2174544334411621, "passed": true}, "7": {"execution_time": 0.29721784591674805, "passed": false}, "8": {"execution_time": 0.26090335845947266, "passed": true}, "9": {"execution_time": 0.2330186367034912, "passed": false}, "10": {"execution_time": 0.2447054386138916, "passed": true}, "11": {"execution_time": 0.27110934257507324, "passed": false}}}, "check_style_score": "0/1"}