{"version": "1", "message": "ERROR: Hidden Testcases server unreachable.", "problem_id": "ads2_m6_a1_1", "user_id": "mohithpothineni", "score": {"sample": {"0": {"execution_time": 0.22697877883911133, "passed": false}, "1": {"execution_time": 0.2079331874847412, "passed": false}, "2": {"execution_time": 0.21719694137573242, "passed": false}, "3": {"execution_time": 0.21240448951721191, "passed": false}, "4": {"execution_time": 0.19910883903503418, "passed": false}, "5": {"execution_time": 0.21463418006896973, "passed": true}, "6": {"execution_time": 0.206923246383667, "passed": true}, "7": {"execution_time": 0.2120494842529297, "passed": false}, "8": {"execution_time": 0.20765304565429688, "passed": true}, "9": {"execution_time": 0.19652056694030762, "passed": false}, "10": {"execution_time": 0.20243239402770996, "passed": true}, "11": {"execution_time": 0.22618722915649414, "passed": false}}}, "check_style_score": "0/1"}