{"version": "1", "message": "ERROR: Hidden Testcases server unreachable.", "problem_id": "ads2_m6_a1_1", "user_id": "mohithpothineni", "score": {"sample": {"0": {"execution_time": 0.20541024208068848, "passed": false}, "1": {"execution_time": 0.20843100547790527, "passed": false}, "2": {"execution_time": 0.20675444602966309, "passed": false}, "3": {"execution_time": 0.20526504516601562, "passed": false}, "4": {"execution_time": 0.18879294395446777, "passed": false}, "5": {"execution_time": 0.20622587203979492, "passed": false}, "6": {"execution_time": 0.18894648551940918, "passed": true}, "7": {"execution_time": 0.1888594627380371, "passed": false}, "8": {"execution_time": 0.20465731620788574, "passed": true}, "9": {"execution_time": 0.20449519157409668, "passed": false}, "10": {"execution_time": 0.18919920921325684, "passed": true}, "11": {"execution_time": 0.20430445671081543, "passed": false}}}, "check_style_score": "1/1"}