{"version": "1", "message": "ERROR: Hidden Testcases server unreachable.", "problem_id": "ads2_m6_a1_1", "user_id": "mohithpothineni", "score": {"sample": {"0": {"execution_time": 0.21106910705566406, "passed": false}, "1": {"execution_time": 0.22640109062194824, "passed": false}, "2": {"execution_time": 0.20753073692321777, "passed": false}, "3": {"execution_time": 0.23031353950500488, "passed": false}, "4": {"execution_time": 0.20236802101135254, "passed": false}, "5": {"execution_time": 0.20832395553588867, "passed": true}, "6": {"execution_time": 0.2003180980682373, "passed": true}, "7": {"execution_time": 0.1972191333770752, "passed": false}, "8": {"execution_time": 0.20628595352172852, "passed": true}, "9": {"execution_time": 0.21103572845458984, "passed": false}, "10": {"execution_time": 0.20171236991882324, "passed": true}, "11": {"execution_time": 0.22553467750549316, "passed": false}}}, "check_style_score": "0/1"}