{"version": "1", "message": "ERROR: Hidden Testcases server unreachable.", "problem_id": "ads2_m6_a1_1", "user_id": "mohithpothineni", "score": {"sample": {"0": {"execution_time": 0.2091066837310791, "passed": false}, "1": {"execution_time": 0.20378708839416504, "passed": false}, "2": {"execution_time": 0.20644450187683105, "passed": false}, "3": {"execution_time": 0.2140817642211914, "passed": false}, "4": {"execution_time": 0.21936798095703125, "passed": false}, "5": {"execution_time": 0.21824193000793457, "passed": true}, "6": {"execution_time": 0.20584559440612793, "passed": true}, "7": {"execution_time": 0.20791387557983398, "passed": false}, "8": {"execution_time": 0.20546293258666992, "passed": true}, "9": {"execution_time": 0.21369671821594238, "passed": false}, "10": {"execution_time": 0.1956651210784912, "passed": true}, "11": {"execution_time": 0.22635459899902344, "passed": false}}}, "check_style_score": "0/1"}