{"version": "1", "message": "ERROR: Hidden Testcases server unreachable.", "problem_id": "ads2_m6_a1_1", "user_id": "mohithpothineni", "score": {"sample": {"0": {"execution_time": 0.2648918628692627, "passed": false}, "1": {"execution_time": 0.28449058532714844, "passed": false}, "2": {"execution_time": 0.2815873622894287, "passed": false}, "3": {"execution_time": 0.23459100723266602, "passed": false}, "4": {"execution_time": 0.24881601333618164, "passed": false}, "5": {"execution_time": 0.2696409225463867, "passed": true}, "6": {"execution_time": 0.241163969039917, "passed": true}, "7": {"execution_time": 0.24303793907165527, "passed": false}, "8": {"execution_time": 0.245527982711792, "passed": true}, "9": {"execution_time": 0.27811670303344727, "passed": false}, "10": {"execution_time": 0.20908880233764648, "passed": true}, "11": {"execution_time": 0.3021683692932129, "passed": false}}}, "check_style_score": "0/1"}