{"version": "1", "message": "ERROR: Hidden Testcases server unreachable.", "problem_id": "ads2_m2_a1_1", "user_id": "mohithpothineni", "score": {"sample": {"0": {"execution_time": 0.32649898529052734, "passed": true}, "1": {"execution_time": 0.17206144332885742, "passed": true}, "2": {"execution_time": 0.16480016708374023, "passed": true}, "3": {"execution_time": 0.17029595375061035, "passed": true}, "4": {"execution_time": 0.169142484664917, "passed": true}, "5": {"execution_time": 0.15912795066833496, "passed": true}, "6": {"execution_time": 0.17376351356506348, "passed": true}, "7": {"execution_time": 0.26704859733581543, "passed": true}, "8": {"execution_time": 0.19486641883850098, "passed": true}, "9": {"execution_time": 0.1840360164642334, "passed": true}, "10": {"execution_time": 0.19794988632202148, "passed": true}, "11": {"execution_time": 0.20185160636901855, "passed": true}, "12": {"execution_time": 0.18747901916503906, "passed": true}, "13": {"execution_time": 0.18422770500183105, "passed": true}, "14": {"execution_time": 0.14948391914367676, "passed": true}, "15": {"execution_time": 0.2307898998260498, "passed": true}, "16": {"execution_time": 0.17183947563171387, "passed": true}, "17": {"execution_time": 0.2125849723815918, "passed": true}, "18": {"execution_time": 0.22943449020385742, "passed": true}, "19": {"execution_time": 0.29109621047973633, "passed": true}, "20": {"execution_time": 0.23147082328796387, "passed": true}, "21": {"execution_time": 0.26453304290771484, "passed": true}, "22": {"execution_time": 0.2707197666168213, "passed": true}, "23": {"execution_time": 0.23776555061340332, "passed": true}}}, "check_style_score": "1/1"}